Label,# Samples,Average,Min,Max,Std. Dev.,Error %,Throughput,Received KB/sec,Sent KB/sec,Avg. Bytes
View CarePlan:GET Login,200,1972,1590,4157,472.30,0.000%,2.69862,22.99,15.18,8723.2
View CarePlan:POST Login,200,820,489,2612,420.83,0.000%,2.73875,13.06,18.29,4881.5
View CarePlan:Home,200,1585,502,2876,418.65,0.000%,2.70709,12.89,16.30,4875.1
View CarePlan:View CarePlan,200,2056,1633,3645,360.31,0.000%,2.69815,16.88,19.12,6406.6
TOTAL,800,1608,489,4157,644.20,0.000%,10.01515,60.85,63.62,6221.6
